Virginie;Giac;vivi@gmail.com;$2y$10$jbCcpJfexd4ITchl.2zBEuFq9i70VgoViw3zUJb0FPYPQuX/YxaJ6
Ange;Giac;ange@gmail.com;$2y$10$tK8iZizunOq6b3orQELOaevdlyk42Q65lrmjSAGQP8dR82Ji8O2re
Mael;Heros;mael@gmail.com;$2y$10$DHFVY4KvLnjxvO0fiVvCPOPn.QK3Dyvgp2XkPW/QHFBse06TDqeGW
Esm√©;Giac;esme@gmail.com;$2y$10$pL2v2kxQBslRyrpRn1QxI.CHoZpdgqP847k/Ff.xUat7qSx7hSW0K
Maky;Giac;maky@gmail.com;$2y$10$UMGe5Lr1bUTjDaE4aW0AT.uZplGXa0vVmPrAhCl5rUwEW8BxHH1r2
Giselle;Alimi;gigi@gmail.com;$2y$10$RvcBWYdWMRg3QUjnbQc6vuoEQ/1LkfSTZIrYLhRoC9seAO.BWPRxK
Bernard;Moitessier;beber@gmail.com;$2y$10$kQbeNMDIj7VAhbIEKN3q/O7q.uaZHSn0C960vyU.2p55QGp8oWWjq
Bob;Dylan;bob@gmail.com;$2y$10$d/5NGMpsuqkovvDYyWQ0UO7UXqTd6HOKouhAMkrQwjHEPY8aIbAuO
Mohamed;Ali;mali@gmail.com;$2y$10$wPgOHHZZWmoNecwwq397q.88dfr8dgVgDKsZX/UHaO4s4qJZWCOpG
Loraine;Warren;loraine@gmail.com;$2y$10$kWgmTDx9tAvRb2KfZ6gZYOBQ4NKHkhhamDNCIB9VdNFFslfm4oUra
